policy_number,months_as_customer,age,policy_bind_year,split_limit_person,split_limit_accident,policy_deductable,policy_annual_premium,umbrella_limit,insured_sex,insured_education_level,insured_relationship,incident_month,incident_type,collision_type,incident_severity,authorities_contacted,incident_hour_of_the_day,number_of_vehicles_involved,property_damage,bodily_injuries,witnesses,police_report_available,total_claim_amount,manufacturer_year
323623,211,53,2000,100,300,500,1455.62,0,MALE,Associate,wife,2,Single Vehicle Collision,Rear Collision,Minor Damage,Fire,2,1,YES,0,1,NO,123000,1999
915129,44,26,2013,500,1000,1000,1166.45,1000000,FEMALE,Masters,other-relative,2,Multi-vehicle Collision,Side Collision,Total Loss,Police,17,3,NO,1,1,NO,46600,2012
84573,265,55,2004,100,300,1000,1512.77,0,MALE,JD,own-child,1,Multi-vehicle Collision,Rear Collision,Major Damage,Police,21,2,NO,2,1,YES,48320,2015
150514,16,24,2003,500,1000,500,1141.8,4000000,FEMALE,High School,other-relative,2,Single Vehicle Collision,Side Collision,Minor Damage,Other,13,1,NO,1,4,YES,96260,1999
906147,27,29,2000,250,500,1000,1415.54,1000000,MALE,MD,husband,2,Single Vehicle Collision,Side Collision,Total Loss,Ambulance,2,1,YES,2,1,NO,104900,2008
774508,299,54,2007,100,300,500,1460.64,6000000,MALE,High School,other-relative,1,Multi-vehicle Collision,Side Collision,Minor Damage,Ambulance,9,3,YES,2,4,YES,17980,2002
833245,300,37,1990,100,300,1000,1913.83,2000000,MALE,Masters,other-relative,1,Single Vehicle Collision,Front Collision,Minor Damage,Ambulance,15,2,NO,1,2,YES,70590,1995
105674,167,27,2006,100,300,1000,1269.38,0,FEMALE,Masters,wife,2,Single Vehicle Collision,Side Collision,Total Loss,Ambulance,16,1,YES,0,1,NO,66800,2005
404456,20,42,1995,250,500,2000,1265.64,0,MALE,Associate,husband,2,Single Vehicle Collision,Side Collision,Total Loss,Other,12,1,YES,1,3,NO,73000,2000
845767,77,20,2002,250,500,2000,1450.15,0,MALE,JD,husband,2,Multi-vehicle Collision,Rear Collision,Major Damage,Other,17,3,YES,0,3,YES,67500,2013
1168039,81,29,1995,250,500,500,974.2,0,FEMALE,Associate,own-child,1,Multi-vehicle Collision,Rear Collision,Major Damage,Fire,18,3,NO,2,2,NO,53740,1996
455011,50,37,2007,500,1000,1000,1042.26,0,FEMALE,High School,other-relative,2,Single Vehicle Collision,Rear Collision,Total Loss,Ambulance,17,1,NO,0,2,YES,103570,2007
355972,233,39,2014,500,1000,500,888.8,0,MALE,Masters,own-child,1,Single Vehicle Collision,Rear Collision,Minor Damage,Ambulance,13,1,NO,0,1,NO,14990,2008
678035,239,52,1996,250,500,1000,1497.16,1000000,FEMALE,Masters,husband,1,Single Vehicle Collision,Front Collision,Minor Damage,Other,6,1,YES,0,0,YES,108320,1999
349432,204,42,2007,500,1000,1000,1319.66,2000000,MALE,Masters,not-in-family,1,Single Vehicle Collision,Front Collision,Minor Damage,Fire,13,1,NO,0,1,NO,89400,2002
371025,153,30,1990,250,500,500,1432.48,1000000,MALE,PhD,husband,1,Multi-vehicle Collision,Side Collision,Minor Damage,Ambulance,19,3,NO,1,1,YES,76700,1993
966520,314,29,2002,100,300,500,1656.96,0,FEMALE,College,not-in-family,2,Multi-vehicle Collision,Rear Collision,Minor Damage,Fire,9,2,NO,1,0,YES,51970,2007
775775,250,39,2000,500,1000,500,1936.7,0,MALE,High School,wife,2,Multi-vehicle Collision,Front Collision,Minor Damage,Fire,21,2,NO,1,0,YES,69590,2007
692441,401,48,2015,250,500,1000,1130.96,0,MALE,PhD,not-in-family,2,Multi-vehicle Collision,Rear Collision,Total Loss,Police,7,3,YES,1,2,YES,34000,1994
656835,124,25,2002,250,500,1000,928.37,1000000,FEMALE,PhD,not-in-family,1,Single Vehicle Collision,Side Collision,Minor Damage,Fire,13,1,YES,0,0,YES,23500,2015
477642,138,43,1996,500,1000,1000,1185.96,5000000,FEMALE,MD,own-child,1,Single Vehicle Collision,Side Collision,Total Loss,Police,1,2,NO,2,0,NO,62300,2012
330308,503,52,1991,100,300,2000,1345.47,1000000,FEMALE,PhD,not-in-family,1,Single Vehicle Collision,Side Collision,Minor Damage,Other,11,1,NO,2,2,YES,145690,2000
1129813,261,36,1990,100,300,2000,1458.01,0,FEMALE,JD,not-in-family,1,Single Vehicle Collision,Side Collision,Minor Damage,Other,21,2,NO,1,1,YES,70350,2009
686949,226,38,2009,500,1000,2000,1307.61,0,FEMALE,MD,wife,1,Multi-vehicle Collision,Rear Collision,Minor Damage,Ambulance,22,4,NO,0,1,NO,36100,1999
688589,200,28,2003,500,1000,2000,1326.05,3000000,FEMALE,MD,wife,1,Single Vehicle Collision,Side Collision,Minor Damage,Police,10,1,NO,0,2,YES,53300,2009
847402,59,46,2011,250,500,1000,1234.1,0,MALE,College,wife,1,Single Vehicle Collision,Side Collision,Major Damage,Fire,2,1,YES,0,0,YES,64710,2007
353510,464,57,2002,500,1000,2000,1173,2000000,FEMALE,High School,husband,2,Single Vehicle Collision,Side Collision,Total Loss,Fire,22,1,YES,1,0,NO,27680,1995
363035,107,30,2007,100,300,1000,1282.3,0,MALE,MD,wife,1,Single Vehicle Collision,Front Collision,Total Loss,Other,4,1,NO,2,3,YES,62200,2000
1010656,89,31,2003,250,500,1000,1640.84,3000000,FEMALE,Masters,unmarried,1,Multi-vehicle Collision,Rear Collision,Total Loss,Fire,13,3,NO,2,1,YES,112800,2008
809960,350,48,2013,250,500,2000,1987.02,8000000,MALE,College,not-in-family,1,Multi-vehicle Collision,Front Collision,Minor Damage,Fire,13,2,NO,2,1,NO,63500,1997
533178,105,34,2005,500,1000,2000,1019.74,0,MALE,Masters,not-in-family,2,Single Vehicle Collision,Rear Collision,Total Loss,Fire,7,1,NO,0,2,NO,15480,2007
660288,4,28,1996,500,1000,2000,1455.15,1000000,MALE,College,unmarried,2,Multi-vehicle Collision,Rear Collision,Minor Damage,Fire,10,4,YES,0,0,NO,16830,2005
65487,272,42,1998,500,1000,1000,766.83,3000000,MALE,Associate,own-child,2,Single Vehicle Collision,Side Collision,Total Loss,Police,10,1,YES,1,2,YES,80000,2007
88663,76,40,1991,500,1000,2000,1343.67,1000000,FEMALE,PhD,other-relative,2,Single Vehicle Collision,Rear Collision,Minor Damage,Police,17,2,NO,0,4,NO,75400,2009
355920,29,42,1994,250,500,2000,1044.34,1000000,MALE,High School,husband,2,Multi-vehicle Collision,Side Collision,Minor Damage,Ambulance,9,4,NO,2,2,NO,85490,2005
557229,300,50,1992,100,300,500,1049.43,2000000,FEMALE,JD,other-relative,2,Single Vehicle Collision,Rear Collision,Total Loss,Police,1,1,NO,1,0,YES,86200,2012
1243070,218,40,2014,250,500,500,1563.55,0,FEMALE,College,wife,2,Multi-vehicle Collision,Rear Collision,Minor Damage,Other,14,2,NO,0,3,NO,85030,2011
677299,325,47,2014,500,1000,2000,1172.53,1000000,MALE,Associate,not-in-family,2,Multi-vehicle Collision,Front Collision,Minor Damage,Police,13,2,YES,2,0,NO,104100,2005
783216,140,31,1996,500,1000,2000,1347.21,0,MALE,College,unmarried,2,Multi-vehicle Collision,Rear Collision,Minor Damage,Fire,23,3,YES,0,0,NO,29010,2006
391850,51,33,1991,100,300,500,1353.37,0,FEMALE,JD,not-in-family,1,Multi-vehicle Collision,Side Collision,Minor Damage,Other,9,3,YES,0,1,YES,72300,2008
704580,54,37,1993,100,300,500,994.64,6000000,MALE,MD,own-child,1,Single Vehicle Collision,Rear Collision,Minor Damage,Ambulance,24,1,NO,1,0,YES,108100,2004
174554,162,32,2003,250,500,500,1437.94,0,MALE,High School,husband,1,Multi-vehicle Collision,Side Collision,Minor Damage,Police,7,4,NO,1,0,YES,48700,2003
256788,153,36,1994,250,500,1000,1165.64,1000000,FEMALE,MD,not-in-family,1,Single Vehicle Collision,Rear Collision,Total Loss,Ambulance,8,2,YES,0,1,NO,75350,2003
270280,292,38,2001,250,500,500,1535.39,0,FEMALE,PhD,not-in-family,1,Multi-vehicle Collision,Side Collision,Total Loss,Fire,21,4,YES,1,3,NO,34460,2009
478507,443,53,2013,100,300,1000,1181.28,6000000,MALE,MD,other-relative,1,Single Vehicle Collision,Rear Collision,Minor Damage,Police,6,2,NO,2,1,NO,39400,1996
589255,433,56,2003,500,1000,1000,1151.72,0,MALE,Masters,own-child,1,Single Vehicle Collision,Front Collision,Total Loss,Fire,1,1,YES,1,4,NO,88400,2003
944449,52,35,1997,100,300,500,1884.6,0,FEMALE,PhD,own-child,1,Single Vehicle Collision,Front Collision,Total Loss,Police,12,1,NO,1,2,YES,12100,2012
744077,270,48,2000,250,500,500,1180.29,0,MALE,Associate,other-relative,2,Multi-vehicle Collision,Side Collision,Total Loss,Other,20,4,YES,1,0,YES,29910,2002
416237,182,42,2004,100,300,2000,857.58,0,MALE,PhD,not-in-family,1,Multi-vehicle Collision,Front Collision,Total Loss,Police,4,2,YES,2,1,YES,46860,2002
879387,404,59,2002,250,500,500,1007.9,1000000,MALE,High School,own-child,1,Multi-vehicle Collision,Front Collision,Total Loss,Police,12,4,NO,0,2,NO,63000,2002
892325,185,44,2014,500,1000,2000,1425.79,3000000,MALE,Associate,not-in-family,2,Multi-vehicle Collision,Front Collision,Minor Damage,Police,12,3,YES,3,1,NO,94220,2007
962742,229,48,1996,100,300,500,1942.24,3000000,FEMALE,MD,unmarried,2,Multi-vehicle Collision,Front Collision,Total Loss,Fire,6,3,YES,0,3,NO,65000,2014
398050,403,54,2002,500,1000,1000,1006.8,0,FEMALE,High School,husband,2,Single Vehicle Collision,Side Collision,Total Loss,Fire,14,1,YES,1,1,NO,43000,1997
591266,89,21,2009,250,500,500,1337.86,4000000,FEMALE,Masters,husband,1,Single Vehicle Collision,Side Collision,Total Loss,Police,13,1,YES,1,1,NO,94000,2009
360052,235,46,2007,500,1000,1000,1138.33,6000000,MALE,JD,own-child,2,Single Vehicle Collision,Side Collision,Minor Damage,Police,15,2,NO,1,4,YES,20900,2005
1102285,247,28,2002,250,500,2000,1536.03,0,MALE,JD,husband,2,Multi-vehicle Collision,Rear Collision,Major Damage,Other,14,2,YES,0,3,YES,74100,2010
966392,640,65,2012,250,500,500,1220.37,0,MALE,Masters,not-in-family,2,Single Vehicle Collision,Front Collision,Major Damage,Fire,8,1,NO,2,3,NO,82240,2004
350019,221,25,2007,100,300,2000,907.75,0,FEMALE,Masters,wife,2,Multi-vehicle Collision,Side Collision,Major Damage,Fire,4,3,NO,0,1,YES,63920,2004
398743,196,36,1995,250,500,500,1911.46,6000000,FEMALE,PhD,own-child,1,Single Vehicle Collision,Front Collision,Minor Damage,Police,11,1,YES,1,1,NO,56000,1995
915532,82,33,2007,100,300,2000,798.84,0,FEMALE,Masters,wife,2,Multi-vehicle Collision,Side Collision,Major Damage,Fire,9,2,NO,1,0,YES,38880,2005
1019041,285,51,2006,250,500,500,1296.37,2000000,FEMALE,JD,own-child,1,Multi-vehicle Collision,Front Collision,Minor Damage,Fire,2,2,NO,2,0,NO,55740,2012
1083952,325,40,2012,100,300,1000,930.2,0,FEMALE,High School,husband,1,Multi-vehicle Collision,Rear Collision,Total Loss,Fire,9,3,NO,0,1,NO,29800,2008
244070,237,50,2010,500,1000,500,1153.01,2000000,FEMALE,College,husband,1,Multi-vehicle Collision,Front Collision,Minor Damage,Fire,17,3,NO,1,1,YES,96500,1993
262747,449,42,2002,500,1000,1000,949.39,0,FEMALE,High School,husband,2,Single Vehicle Collision,Side Collision,Total Loss,Fire,17,1,YES,0,0,NO,62000,2006
374061,236,54,2013,100,300,2000,1100.12,0,FEMALE,College,wife,2,Single Vehicle Collision,Side Collision,Minor Damage,Police,7,1,NO,1,2,YES,32300,2014
652375,351,50,2000,100,300,500,1427.13,0,MALE,Associate,wife,2,Single Vehicle Collision,Rear Collision,Minor Damage,Fire,9,1,YES,1,1,NO,99300,2007
646017,137,30,1996,250,500,1000,1366.67,0,MALE,Masters,not-in-family,1,Single Vehicle Collision,Front Collision,Total Loss,Police,22,1,NO,2,1,NO,42600,2012
885618,236,46,1991,100,300,2000,1580.82,2000000,FEMALE,High School,wife,2,Single Vehicle Collision,Front Collision,Total Loss,Fire,12,1,YES,0,1,YES,83900,2012
1003204,65,33,2013,500,1000,2000,868.44,0,FEMALE,Masters,other-relative,2,Multi-vehicle Collision,Side Collision,Total Loss,Police,16,3,NO,1,1,NO,34100,2008
743283,355,42,2008,250,500,500,1533.14,2000000,MALE,High School,other-relative,1,Multi-vehicle Collision,Side Collision,Minor Damage,Ambulance,18,3,YES,2,2,YES,72310,2008
4880,436,36,1998,500,1000,1000,810.36,0,MALE,Associate,own-child,2,Single Vehicle Collision,Side Collision,Total Loss,Police,12,1,YES,2,2,YES,54220,2011
874772,137,47,2001,100,300,2000,1311.8,0,FEMALE,Associate,wife,2,Multi-vehicle Collision,Front Collision,Total Loss,Fire,17,3,YES,2,3,YES,85960,2001
693521,168,26,1997,500,1000,500,1410.74,7000000,MALE,MD,wife,1,Single Vehicle Collision,Rear Collision,Total Loss,Ambulance,4,1,YES,1,1,NO,40720,2005
957787,41,28,2009,500,1000,2000,1510.89,2000000,FEMALE,MD,wife,1,Multi-vehicle Collision,Rear Collision,Minor Damage,Ambulance,16,4,NO,0,3,NO,14890,2001
165670,388,42,2005,500,1000,500,955.39,0,FEMALE,Masters,other-relative,2,Multi-vehicle Collision,Rear Collision,Total Loss,Police,8,2,NO,1,4,NO,32500,2008
298341,383,43,2007,500,1000,1000,1355.55,0,MALE,Masters,not-in-family,1,Single Vehicle Collision,Front Collision,Minor Damage,Fire,22,1,NO,1,1,NO,21100,2008
717290,134,29,1991,100,300,2000,1395.55,1000000,FEMALE,JD,husband,1,Multi-vehicle Collision,Rear Collision,Minor Damage,Ambulance,12,3,NO,1,2,YES,63430,2008
949554,232,23,2000,500,1000,500,1877.69,0,MALE,High School,wife,2,Multi-vehicle Collision,Front Collision,Minor Damage,Fire,11,2,NO,0,0,YES,47600,2009
549620,206,45,2003,500,1000,500,1750.21,0,FEMALE,Masters,husband,2,Multi-vehicle Collision,Side Collision,Minor Damage,Other,20,3,YES,1,2,YES,85500,2006
91396,9,42,1999,250,500,1000,1354.96,0,FEMALE,JD,not-in-family,1,Single Vehicle Collision,Side Collision,Minor Damage,Fire,21,1,YES,0,0,YES,45300,2008
711229,154,22,1991,500,1000,1000,1246.78,0,FEMALE,JD,other-relative,1,Multi-vehicle Collision,Front Collision,Minor Damage,Ambulance,20,2,YES,3,2,NO,69400,2010
59071,8,34,2007,500,1000,500,1257.18,0,FEMALE,PhD,not-in-family,2,Multi-vehicle Collision,Side Collision,Minor Damage,Ambulance,6,3,NO,1,2,YES,43200,2010
963727,140,38,2013,500,1000,2000,913.46,0,FEMALE,Masters,other-relative,2,Multi-vehicle Collision,Side Collision,Total Loss,Police,5,2,NO,1,1,NO,69500,2013
274356,179,28,1997,250,500,1000,1303.56,2000000,FEMALE,PhD,not-in-family,1,Single Vehicle Collision,Rear Collision,Minor Damage,Fire,9,2,NO,1,3,YES,83950,2012
765831,285,39,2009,500,1000,500,1251.64,0,MALE,PhD,unmarried,2,Single Vehicle Collision,Rear Collision,Minor Damage,Ambulance,9,1,YES,0,2,YES,69260,2002
74727,49,18,1999,250,500,500,1340.52,2000000,FEMALE,JD,not-in-family,1,Single Vehicle Collision,Side Collision,Minor Damage,Fire,13,1,YES,1,2,YES,46300,2009
490920,98,47,2010,250,500,2000,1404.87,2000000,MALE,Masters,husband,1,Multi-vehicle Collision,Side Collision,Total Loss,Fire,18,3,NO,1,1,NO,59340,2002
796889,359,45,2005,250,500,2000,1222.26,10000000,FEMALE,JD,other-relative,2,Multi-vehicle Collision,Front Collision,Total Loss,Ambulance,8,4,YES,0,2,YES,34100,2000
833742,500,62,2010,500,1000,1000,965.38,0,MALE,Associate,own-child,1,Single Vehicle Collision,Front Collision,Total Loss,Ambulance,12,1,YES,1,0,NO,63600,2007
1185082,300,53,1991,500,1000,500,1551.75,0,FEMALE,MD,wife,1,Single Vehicle Collision,Rear Collision,Major Damage,Fire,5,1,YES,1,2,YES,78200,2003
385050,25,22,1999,250,500,500,1403.15,3000000,FEMALE,JD,not-in-family,1,Single Vehicle Collision,Side Collision,Minor Damage,Fire,14,1,YES,0,2,YES,57230,2008
657632,262,42,1996,500,1000,500,1323.6,0,FEMALE,Masters,not-in-family,1,Single Vehicle Collision,Rear Collision,Minor Damage,Fire,13,1,YES,2,3,YES,91200,1988
377014,252,52,1996,250,500,1000,1082.03,0,MALE,PhD,not-in-family,2,Multi-vehicle Collision,Side Collision,Total Loss,Ambulance,17,3,NO,2,1,YES,75770,2001
737996,305,35,1990,100,300,2000,1464.8,0,FEMALE,JD,not-in-family,1,Single Vehicle Collision,Side Collision,Minor Damage,Other,15,2,NO,0,0,YES,65900,2006
843705,373,50,1998,250,500,1000,947.15,8000000,MALE,Associate,own-child,1,Single Vehicle Collision,Rear Collision,Minor Damage,Ambulance,2,1,YES,2,1,YES,16110,2007
111478,115,47,2001,100,300,2000,1174.11,0,FEMALE,High School,other-relative,1,Multi-vehicle Collision,Front Collision,Total Loss,Ambulance,16,3,NO,1,0,NO,52480,2009
833812,42,37,1996,500,1000,2000,1111.5,1000000,MALE,College,unmarried,2,Multi-vehicle Collision,Rear Collision,Minor Damage,Fire,12,3,YES,0,1,NO,60600,2011
443925,28,25,2007,100,300,1000,1304.22,0,MALE,PhD,not-in-family,1,Single Vehicle Collision,Rear Collision,Minor Damage,Fire,3,1,YES,1,1,NO,68100,1997
290765,258,47,2008,250,500,500,1566.79,3000000,FEMALE,College,own-child,2,Single Vehicle Collision,Front Collision,Minor Damage,Ambulance,24,1,NO,2,3,NO,48410,2009
823971,231,39,2003,250,500,2000,1097.02,0,MALE,Associate,husband,2,Multi-vehicle Collision,Side Collision,Total Loss,Ambulance,7,2,YES,2,1,NO,56200,2014
362651,80,23,2006,500,1000,1000,1102.97,7000000,FEMALE,High School,unmarried,1,Single Vehicle Collision,Front Collision,Total Loss,Other,17,2,NO,1,4,NO,25200,1996
881459,258,40,2012,500,1000,500,1376.34,0,FEMALE,JD,husband,1,Single Vehicle Collision,Side Collision,Minor Damage,Other,18,1,YES,1,1,YES,36150,1998
469694,94,28,2006,500,1000,2000,983.77,6000000,FEMALE,High School,unmarried,1,Single Vehicle Collision,Front Collision,Total Loss,Other,18,2,NO,1,4,NO,62400,1997
250713,205,52,1998,500,1000,2000,633.9,0,MALE,Associate,own-child,2,Single Vehicle Collision,Side Collision,Total Loss,Police,8,1,YES,0,3,YES,98630,1999
1265321,114,40,2010,250,500,500,1321.06,5000000,MALE,College,unmarried,2,Multi-vehicle Collision,Side Collision,Minor Damage,Fire,16,4,NO,2,1,NO,33000,2011
923373,237,54,2005,100,300,1000,1016.94,1000000,MALE,Masters,wife,2,Single Vehicle Collision,Front Collision,Minor Damage,Fire,16,1,YES,1,2,YES,76310,2009
509541,2,44,2009,250,500,1000,1693.28,1000000,FEMALE,JD,unmarried,1,Single Vehicle Collision,Rear Collision,Total Loss,Ambulance,13,2,YES,0,2,YES,46000,2012
904254,392,59,1992,100,300,2000,1380.73,0,MALE,High School,other-relative,1,Multi-vehicle Collision,Front Collision,Major Damage,Other,17,3,YES,2,1,NO,50400,2003
59682,210,39,1990,100,300,500,1304.82,0,FEMALE,High School,not-in-family,1,Multi-vehicle Collision,Rear Collision,Total Loss,Ambulance,20,3,NO,1,1,NO,92420,2005
626072,266,29,1992,500,1000,2000,1112.49,0,FEMALE,PhD,own-child,1,Multi-vehicle Collision,Side Collision,Total Loss,Other,1,2,NO,1,2,YES,50800,2009
397541,199,31,1999,250,500,500,1246.06,1000000,MALE,MD,wife,2,Single Vehicle Collision,Side Collision,Total Loss,Police,8,1,NO,1,1,NO,61800,1995
750382,43,32,2014,100,300,2000,1523.47,0,MALE,High School,husband,1,Single Vehicle Collision,Front Collision,Minor Damage,Police,2,1,NO,1,2,YES,62160,2006
900418,411,50,2004,500,1000,2000,1451.47,0,FEMALE,MD,other-relative,1,Multi-vehicle Collision,Side Collision,Major Damage,Police,20,2,NO,2,1,YES,19680,2001
206915,448,64,1999,250,500,500,762.04,0,MALE,PhD,unmarried,3,Multi-vehicle Collision,Rear Collision,Minor Damage,Fire,4,3,YES,0,1,NO,58940,1999
330074,244,28,1993,500,1000,2000,1235.79,10000000,MALE,MD,unmarried,2,Multi-vehicle Collision,Front Collision,Minor Damage,Ambulance,16,3,YES,1,3,NO,57200,2000
788791,7,25,2009,250,500,500,1221.21,4000000,FEMALE,Masters,husband,1,Single Vehicle Collision,Side Collision,Total Loss,Police,12,1,YES,2,2,NO,92110,2013
20374,358,20,1991,100,300,500,1641.47,4000000,FEMALE,High School,unmarried,1,Single Vehicle Collision,Rear Collision,Minor Damage,Fire,15,2,NO,2,1,YES,29500,2013
363004,100,37,2001,250,500,500,1347.6,0,FEMALE,PhD,not-in-family,1,Multi-vehicle Collision,Side Collision,Total Loss,Fire,11,3,YES,0,2,NO,20400,2008
436808,10,17,2003,500,1000,500,1122.84,4000000,FEMALE,High School,other-relative,2,Single Vehicle Collision,Side Collision,Minor Damage,Other,21,1,NO,1,1,YES,78000,1997
780792,49,29,1999,250,500,500,1094.33,0,FEMALE,College,wife,1,Single Vehicle Collision,Side Collision,Major Damage,Other,12,1,NO,1,1,YES,49400,2001
871945,102,32,2014,100,300,1000,1379.58,3000000,MALE,JD,wife,2,Single Vehicle Collision,Side Collision,Total Loss,Other,10,1,NO,0,0,NO,79520,2012
196419,345,34,2006,250,500,500,1546.75,0,FEMALE,PhD,unmarried,1,Multi-vehicle Collision,Rear Collision,Major Damage,Fire,23,2,NO,0,0,NO,33200,2001
345989,214,30,1994,500,1000,1000,1312.55,0,FEMALE,Masters,own-child,2,Multi-vehicle Collision,Rear Collision,Major Damage,Fire,23,4,YES,0,5,NO,40400,2008
826004,281,40,2012,250,500,2000,1996.76,0,FEMALE,PhD,not-in-family,1,Multi-vehicle Collision,Rear Collision,Major Damage,Fire,11,3,YES,1,3,NO,56150,2011
788556,428,48,1998,500,1000,1000,1065.98,3000000,FEMALE,College,unmarried,2,Single Vehicle Collision,Front Collision,Minor Damage,Other,10,1,NO,0,3,NO,61220,2006
920111,458,60,1992,100,300,2000,953.43,1000000,FEMALE,MD,other-relative,1,Multi-vehicle Collision,Side Collision,Major Damage,Other,16,4,YES,1,0,NO,68620,1994
291397,302,59,1994,100,300,2000,916.08,3000000,MALE,High School,other-relative,1,Multi-vehicle Collision,Rear Collision,Major Damage,Ambulance,21,3,NO,1,0,YES,65000,2003
563462,255,28,2002,500,1000,1000,1001.54,1000000,FEMALE,Masters,not-in-family,1,Single Vehicle Collision,Front Collision,Major Damage,Fire,1,2,YES,2,1,NO,116520,1996
712837,29,42,2007,100,300,2000,1867.98,0,FEMALE,College,husband,2,Multi-vehicle Collision,Rear Collision,Major Damage,Ambulance,14,3,YES,2,2,NO,53700,2006
370334,97,15,2007,250,500,1000,918.4,1000000,FEMALE,JD,husband,2,Single Vehicle Collision,Rear Collision,Major Damage,Ambulance,8,2,YES,2,3,YES,68000,2008
390343,211,51,1996,100,300,2000,1417.35,0,FEMALE,Associate,unmarried,1,Single Vehicle Collision,Side Collision,Major Damage,Ambulance,15,1,YES,1,0,NO,83100,2000
37867,401,58,2008,250,500,1000,1231.09,0,FEMALE,High School,other-relative,2,Single Vehicle Collision,Rear Collision,Minor Damage,Other,13,2,NO,2,1,NO,74500,1999
637648,347,47,2003,250,500,500,1388.79,0,FEMALE,JD,unmarried,1,Single Vehicle Collision,Side Collision,Minor Damage,Ambulance,11,2,YES,1,1,NO,85900,1997
1116278,257,43,2001,250,500,2000,1381.11,0,MALE,College,other-relative,2,Single Vehicle Collision,Front Collision,Major Damage,Other,21,1,YES,1,2,YES,83600,2006
621724,24,27,2000,100,300,500,1211.02,2000000,FEMALE,JD,not-in-family,2,Single Vehicle Collision,Side Collision,Major Damage,Police,3,1,YES,0,0,NO,62500,2003
713600,86,28,1990,250,500,2000,831.52,1000000,FEMALE,JD,wife,1,Single Vehicle Collision,Front Collision,Major Damage,Fire,10,1,NO,1,3,YES,102510,2010
1050891,183,23,1997,250,500,500,1115.65,1000000,MALE,High School,own-child,1,Multi-vehicle Collision,Rear Collision,Total Loss,Police,14,4,YES,1,4,YES,86500,2011
828995,19,30,2011,100,300,2000,1031.67,9000000,FEMALE,JD,wife,2,Multi-vehicle Collision,Rear Collision,Major Damage,Fire,14,2,YES,0,1,NO,50400,2013
88955,84,33,2010,100,300,1000,1339.49,8000000,MALE,High School,not-in-family,1,Single Vehicle Collision,Front Collision,Major Damage,Other,10,1,YES,2,1,YES,45460,1997
679517,466,55,1998,250,500,2000,1556.39,4000000,FEMALE,Associate,unmarried,2,Multi-vehicle Collision,Rear Collision,Major Damage,Ambulance,8,2,YES,2,1,YES,96000,2000
1036479,42,35,1997,250,500,1000,1384.76,0,MALE,Masters,unmarried,1,Multi-vehicle Collision,Side Collision,Total Loss,Other,8,2,YES,3,3,NO,124000,2005
427691,182,23,1999,250,500,1000,1495.88,4000000,MALE,PhD,own-child,2,Single Vehicle Collision,Front Collision,Major Damage,Other,24,1,NO,1,1,NO,59300,2007
342566,314,38,1991,250,500,2000,658.17,2000000,MALE,MD,wife,2,Single Vehicle Collision,Front Collision,Minor Damage,Fire,12,1,NO,0,0,NO,58720,2015
560472,323,33,2001,100,300,500,1264.17,3000000,MALE,Masters,unmarried,2,Multi-vehicle Collision,Rear Collision,Major Damage,Fire,3,3,NO,2,2,NO,80770,2010
525475,58,39,2011,250,500,500,1069.92,2000000,FEMALE,College,wife,1,Single Vehicle Collision,Front Collision,Major Damage,Fire,5,1,YES,3,2,YES,42600,1999
1193001,48,36,2007,100,300,2000,1412.65,2000000,FEMALE,College,husband,2,Multi-vehicle Collision,Rear Collision,Major Damage,Ambulance,17,2,YES,2,0,NO,13600,1996
449334,16,29,2012,250,500,500,1107.47,0,FEMALE,Masters,not-in-family,1,Single Vehicle Collision,Rear Collision,Minor Damage,Ambulance,15,1,YES,0,1,YES,85200,2011
1103849,103,43,2014,100,300,500,1508.69,5000000,MALE,JD,wife,2,Single Vehicle Collision,Side Collision,Total Loss,Other,2,1,NO,0,1,NO,57040,2007
1146403,167,46,2009,500,1000,1000,1043.67,0,FEMALE,Masters,husband,1,Multi-vehicle Collision,Rear Collision,Major Damage,Fire,15,4,NO,0,3,YES,55850,2008
919075,433,50,1994,250,500,1000,1341.77,0,MALE,PhD,not-in-family,1,Multi-vehicle Collision,Side Collision,Major Damage,Other,11,4,NO,1,2,YES,97260,2008
210546,404,31,2006,250,500,1000,1451.5,0,FEMALE,PhD,unmarried,1,Multi-vehicle Collision,Rear Collision,Major Damage,Fire,12,3,NO,1,1,NO,66570,2003
768275,167,42,1998,250,500,2000,1475.46,0,FEMALE,College,not-in-family,1,Single Vehicle Collision,Rear Collision,Total Loss,Police,12,1,NO,1,1,YES,27400,2002
727820,139,29,1993,500,1000,500,1140.93,0,MALE,JD,not-in-family,2,Single Vehicle Collision,Rear Collision,Major Damage,Police,10,1,YES,0,1,YES,83710,2011
706045,287,53,2003,500,1000,2000,1561.35,7000000,FEMALE,College,other-relative,2,Multi-vehicle Collision,Front Collision,Minor Damage,Other,19,4,NO,2,2,YES,72530,1990
435395,412,58,2010,250,500,500,1641.08,6000000,FEMALE,Masters,not-in-family,1,Single Vehicle Collision,Front Collision,Minor Damage,Ambulance,15,2,NO,1,0,YES,42200,2008
351779,99,28,1999,250,500,500,1471.11,4000000,MALE,PhD,own-child,2,Single Vehicle Collision,Front Collision,Major Damage,Other,22,2,NO,1,2,NO,63200,1996
527550,284,59,1999,100,300,1000,1402.57,0,FEMALE,JD,unmarried,1,Multi-vehicle Collision,Rear Collision,Major Damage,Police,3,4,YES,0,2,NO,54630,1995
643492,285,34,1997,250,500,500,922.61,1000000,MALE,High School,own-child,1,Multi-vehicle Collision,Rear Collision,Total Loss,Police,14,2,YES,1,3,YES,84330,2007
790714,97,46,2012,250,500,2000,1876.68,0,FEMALE,PhD,not-in-family,1,Multi-vehicle Collision,Rear Collision,Major Damage,Fire,15,1,YES,1,3,NO,44000,2006
841424,433,59,1998,500,1000,1000,1271.53,0,FEMALE,College,unmarried,2,Single Vehicle Collision,Front Collision,Minor Damage,Other,15,1,NO,2,2,NO,53860,2013
5674,311,45,2004,100,300,2000,1599.5,0,MALE,MD,unmarried,2,Multi-vehicle Collision,Side Collision,Major Damage,Other,16,4,YES,1,1,YES,70190,1999
737477,306,42,1995,500,1000,2000,1144.97,1000000,FEMALE,MD,wife,2,Multi-vehicle Collision,Front Collision,Total Loss,Police,23,4,NO,0,0,YES,29190,2002
163061,246,57,2002,100,300,1000,787.76,2000000,FEMALE,Masters,other-relative,2,Single Vehicle Collision,Front Collision,Major Damage,Police,17,1,YES,2,1,NO,34700,1997
1006427,369,41,2006,250,500,1000,1642.43,0,MALE,MD,not-in-family,1,Single Vehicle Collision,Side Collision,Major Damage,Ambulance,18,1,NO,1,2,NO,50200,2007
771282,222,38,1992,250,500,500,1418.65,2000000,MALE,Masters,unmarried,1,Single Vehicle Collision,Front Collision,Major Damage,Other,14,2,YES,0,3,YES,74310,2009
47606,108,51,2006,250,500,1000,1219.7,0,FEMALE,PhD,unmarried,1,Multi-vehicle Collision,Rear Collision,Major Damage,Fire,14,3,NO,1,2,NO,68000,1998
335397,287,37,2001,100,300,1000,1067.48,0,MALE,Masters,unmarried,2,Multi-vehicle Collision,Rear Collision,Major Damage,Fire,3,3,NO,1,4,NO,79430,2012
240705,141,27,2011,250,500,1000,1120.68,6000000,FEMALE,High School,not-in-family,1,Single Vehicle Collision,Side Collision,Minor Damage,Fire,19,1,YES,1,1,NO,73440,2011
96281,420,54,2007,100,300,1000,1290.12,1000000,MALE,Associate,other-relative,2,Single Vehicle Collision,Front Collision,Major Damage,Police,13,1,YES,2,4,NO,48000,1990
529180,275,48,2013,250,500,500,1721.28,0,MALE,College,wife,2,Single Vehicle Collision,Front Collision,Major Damage,Ambulance,14,1,YES,0,4,NO,62630,1997
192553,251,52,1995,500,1000,2000,1173.14,0,MALE,Associate,other-relative,1,Single Vehicle Collision,Side Collision,Major Damage,Police,11,1,YES,1,1,NO,69730,2012
609416,143,43,2003,500,1000,2000,1656.48,7000000,FEMALE,College,other-relative,2,Multi-vehicle Collision,Front Collision,Minor Damage,Other,6,3,NO,1,2,YES,89870,1998
516335,150,23,2013,100,300,2000,878.24,1000000,MALE,Masters,own-child,1,Multi-vehicle Collision,Rear Collision,Major Damage,Other,19,3,NO,0,3,YES,57540,2005
205522,13,23,1991,250,500,1000,1259.77,0,MALE,College,not-in-family,2,Multi-vehicle Collision,Rear Collision,Major Damage,Other,2,4,YES,1,2,NO,63710,1994
507160,372,55,1999,250,500,2000,1132.73,0,MALE,MD,other-relative,1,Single Vehicle Collision,Front Collision,Major Damage,Fire,19,1,NO,1,3,NO,109200,2003
378933,126,39,1991,500,1000,2000,1267.19,3000000,MALE,MD,wife,1,Single Vehicle Collision,Front Collision,Major Damage,Fire,19,3,NO,1,0,NO,79870,1997
206557,249,34,2006,250,500,1000,1513.9,0,FEMALE,PhD,unmarried,1,Multi-vehicle Collision,Rear Collision,Major Damage,Fire,19,3,NO,0,1,NO,69050,2011
861374,218,33,1997,250,500,1000,1109.75,2000000,MALE,Masters,unmarried,1,Multi-vehicle Collision,Side Collision,Total Loss,Other,11,2,YES,3,4,NO,80000,2012
774023,175,46,2003,500,1000,2000,1515,3000000,FEMALE,College,other-relative,2,Multi-vehicle Collision,Front Collision,Minor Damage,Other,11,3,NO,1,1,YES,70340,2003
533354,214,21,2011,250,500,1000,1023.47,10000000,FEMALE,High School,not-in-family,1,Single Vehicle Collision,Side Collision,Minor Damage,Fire,16,1,YES,0,0,NO,87100,2009
527754,219,43,2003,250,500,2000,1019.69,1000000,MALE,JD,not-in-family,2,Single Vehicle Collision,Rear Collision,Major Damage,Other,21,1,NO,0,2,YES,53460,2015
252209,13,21,2014,250,500,2000,1180.3,0,MALE,Masters,own-child,1,Multi-vehicle Collision,Rear Collision,Minor Damage,Other,9,4,YES,1,3,YES,66100,2008
524033,63,23,1993,500,1000,1000,1602.38,0,MALE,Associate,other-relative,1,Single Vehicle Collision,Side Collision,Major Damage,Other,15,1,YES,1,0,YES,103200,2010
1049846,459,45,1990,500,1000,2000,1198.43,5000000,MALE,College,husband,1,Multi-vehicle Collision,Front Collision,Major Damage,Fire,17,2,NO,2,1,NO,66550,1999
792555,382,45,1990,500,1000,2000,1396.51,2000000,MALE,College,husband,1,Multi-vehicle Collision,Front Collision,Major Damage,Fire,15,3,NO,3,1,NO,69110,2001
106790,203,21,2006,250,500,500,1476.46,4000000,MALE,College,other-relative,1,Multi-vehicle Collision,Rear Collision,Major Damage,Ambulance,21,3,YES,2,3,YES,80390,2006
505319,278,38,1996,100,300,2000,1413.05,0,FEMALE,Associate,unmarried,1,Single Vehicle Collision,Side Collision,Major Damage,Ambulance,17,1,YES,2,1,NO,111900,2008
870687,417,44,2006,500,1000,2000,1826.15,0,FEMALE,Associate,not-in-family,1,Single Vehicle Collision,Side Collision,Major Damage,Fire,1,1,YES,0,4,NO,61900,2010
19298,334,51,1995,500,1000,2000,1015.54,0,FEMALE,MD,wife,2,Multi-vehicle Collision,Front Collision,Total Loss,Police,21,4,NO,0,0,YES,29920,2008
1096185,400,19,1994,100,300,500,1607.54,6000000,FEMALE,Associate,own-child,1,Single Vehicle Collision,Rear Collision,Major Damage,Police,1,1,YES,1,3,NO,60300,2008
19601,173,39,1995,500,1000,2000,974.1,0,MALE,Associate,other-relative,1,Single Vehicle Collision,Side Collision,Major Damage,Police,7,1,YES,0,2,NO,47690,2008
392284,113,16,2014,250,500,2000,1496.08,2000000,MALE,Masters,own-child,1,Multi-vehicle Collision,Rear Collision,Minor Damage,Other,7,4,YES,1,2,YES,70500,2009
458583,19,31,1991,500,1000,500,1253.98,1000000,MALE,MD,wife,1,Single Vehicle Collision,Front Collision,Major Damage,Fire,16,1,NO,0,0,NO,72400,1994
607712,233,50,1999,250,500,500,952.1,2000000,MALE,MD,other-relative,1,Single Vehicle Collision,Front Collision,Major Damage,Fire,21,1,NO,1,1,NO,95100,2005
336282,316,73,1994,100,300,2000,870.23,3000000,MALE,High School,other-relative,1,Multi-vehicle Collision,Rear Collision,Major Damage,Ambulance,17,2,NO,0,0,YES,75090,1993
1108664,145,29,1997,250,500,500,1154.84,0,MALE,Masters,unmarried,1,Multi-vehicle Collision,Side Collision,Total Loss,Other,11,3,YES,2,3,NO,85800,2009
84184,53,25,1995,250,500,500,1973.14,0,MALE,High School,husband,1,Single Vehicle Collision,Rear Collision,Major Damage,Other,22,2,NO,1,3,YES,69020,1998
255381,104,50,2012,250,500,500,1341.59,0,FEMALE,Masters,not-in-family,1,Single Vehicle Collision,Rear Collision,Minor Damage,Ambulance,10,2,YES,1,1,YES,54880,2008
1096518,230,34,2010,100,300,2000,1353.16,0,FEMALE,MD,husband,1,Single Vehicle Collision,Rear Collision,Major Damage,Police,7,2,YES,2,3,NO,50190,1996
570608,110,33,1996,500,1000,500,1558.25,0,FEMALE,PhD,not-in-family,1,Single Vehicle Collision,Front Collision,Major Damage,Police,2,1,NO,2,1,YES,97560,2000
702280,194,40,1998,250,500,2000,1118.81,2000000,FEMALE,College,not-in-family,1,Single Vehicle Collision,Rear Collision,Total Loss,Police,10,1,NO,0,1,YES,50250,2003
827703,145,42,1995,500,1000,1000,1580.95,2000000,MALE,PhD,husband,2,Multi-vehicle Collision,Front Collision,Major Damage,Other,9,2,YES,2,1,YES,68870,2012
326582,377,50,1995,500,1000,2000,1055.78,1000000,FEMALE,MD,wife,2,Multi-vehicle Collision,Front Collision,Total Loss,Police,24,2,NO,1,1,YES,36800,2010
917252,94,2,1999,500,1000,1000,1839.4,0,FEMALE,JD,wife,1,Multi-vehicle Collision,Rear Collision,Major Damage,Fire,21,4,NO,2,3,NO,67220,2001
363662,308,55,2008,250,500,500,1745.17,0,FEMALE,High School,other-relative,2,Single Vehicle Collision,Rear Collision,Minor Damage,Other,15,1,NO,2,2,NO,70210,1997
207036,109,22,2007,250,500,1000,1331.3,0,FEMALE,JD,husband,2,Single Vehicle Collision,Rear Collision,Major Damage,Ambulance,7,2,YES,1,1,YES,90140,2005
850253,15,24,2011,100,300,2000,1275.6,7000000,FEMALE,JD,wife,2,Multi-vehicle Collision,Rear Collision,Major Damage,Fire,13,1,YES,1,0,NO,50960,2008
113585,212,41,1994,500,1000,1000,1570.72,0,FEMALE,Masters,own-child,2,Multi-vehicle Collision,Rear Collision,Major Damage,Fire,19,4,YES,1,4,NO,14700,2015
694844,196,40,1990,250,500,2000,587.98,0,FEMALE,JD,wife,1,Single Vehicle Collision,Front Collision,Major Damage,Fire,12,2,NO,3,4,YES,65400,2006
680025,324,35,2001,100,300,1000,971.38,2000000,MALE,Masters,unmarried,2,Multi-vehicle Collision,Rear Collision,Major Damage,Fire,9,5,NO,3,6,NO,50840,2010
337439,161,24,2002,250,500,500,1370.5,6000000,MALE,MD,other-relative,2,Multi-vehicle Collision,Side Collision,Major Damage,Police,4,4,NO,0,2,NO,56400,2010
753021,14,30,1991,250,500,500,1030.58,0,FEMALE,Associate,other-relative,2,Multi-vehicle Collision,Rear Collision,Major Damage,Fire,16,5,NO,1,2,NO,57430,1998
571293,95,22,2000,100,300,500,1056.43,1000000,FEMALE,JD,not-in-family,2,Single Vehicle Collision,Side Collision,Major Damage,Police,10,1,YES,1,1,NO,61290,2013
504664,127,47,2014,250,500,500,1729.2,1000000,FEMALE,Masters,not-in-family,1,Single Vehicle Collision,Side Collision,Major Damage,Police,17,1,NO,1,0,YES,59080,2002
815043,174,32,2008,500,1000,500,1907.04,2000000,MALE,JD,own-child,2,Multi-vehicle Collision,Front Collision,Major Damage,Fire,12,4,YES,1,3,YES,56800,2001
1093716,458,65,1998,500,1000,500,1284.36,0,FEMALE,College,unmarried,2,Single Vehicle Collision,Front Collision,Minor Damage,Other,17,2,NO,2,3,NO,111720,2008
593181,211,55,2004,250,500,2000,1060.3,2000000,MALE,JD,unmarried,2,Single Vehicle Collision,Rear Collision,Minor Damage,Ambulance,14,1,YES,1,2,YES,48600,2001
401921,398,62,1992,100,300,500,1061.41,0,MALE,Masters,wife,1,Single Vehicle Collision,Rear Collision,Major Damage,Other,15,2,YES,2,2,NO,99380,2009
367925,175,30,2000,100,300,500,1116.2,0,FEMALE,JD,not-in-family,2,Single Vehicle Collision,Side Collision,Major Damage,Police,1,1,YES,1,0,NO,44560,2010
4700,286,25,1994,500,1000,500,1702.4,5000000,FEMALE,Masters,own-child,2,Multi-vehicle Collision,Rear Collision,Major Damage,Fire,12,3,YES,1,3,NO,59460,2010
284987,474,63,1994,100,300,2000,825.95,4000000,MALE,High School,other-relative,1,Multi-vehicle Collision,Rear Collision,Major Damage,Ambulance,16,4,NO,0,0,YES,94440,1998
114818,360,35,2007,250,500,1000,1761.89,2000000,MALE,PhD,not-in-family,1,Multi-vehicle Collision,Rear Collision,Total Loss,Fire,17,3,NO,0,1,NO,54200,2007
402594,473,52,1992,100,300,500,1223.47,4000000,MALE,Masters,wife,1,Single Vehicle Collision,Rear Collision,Major Damage,Other,14,1,YES,3,1,NO,89200,2013
630403,236,50,2001,100,300,500,995.5,0,MALE,Masters,unmarried,2,Multi-vehicle Collision,Rear Collision,Major Damage,Fire,1,3,NO,1,3,NO,78640,2006
1157357,248,36,2006,250,500,500,1605.59,2000000,MALE,MD,not-in-family,1,Single Vehicle Collision,Side Collision,Major Damage,Ambulance,21,2,NO,2,1,NO,41600,2009
24587,226,48,1995,500,1000,2000,1046.06,0,MALE,Associate,other-relative,1,Single Vehicle Collision,Side Collision,Major Damage,Police,11,1,YES,1,0,NO,71600,2010
829548,113,25,2000,100,300,500,1035.54,0,FEMALE,JD,not-in-family,2,Single Vehicle Collision,Side Collision,Major Damage,Police,14,1,YES,0,0,NO,32090,2007
939622,106,29,1999,500,1000,500,1457.96,2000000,FEMALE,JD,wife,1,Multi-vehicle Collision,Rear Collision,Major Damage,Fire,12,2,NO,1,2,NO,59500,2002
407646,169,45,2014,250,500,500,1681.9,0,FEMALE,Masters,not-in-family,1,Single Vehicle Collision,Side Collision,Major Damage,Police,14,1,NO,1,1,YES,39920,2001
887672,230,50,2006,500,1000,2000,1810.83,0,FEMALE,Associate,not-in-family,1,Single Vehicle Collision,Side Collision,Major Damage,Fire,1,1,YES,0,3,NO,92900,2003
659401,206,33,2006,250,500,1000,1240.31,8000000,MALE,College,other-relative,1,Multi-vehicle Collision,Rear Collision,Major Damage,Ambulance,14,3,YES,2,3,YES,51600,2006
